Data,Dia da Semana,Hora Litúrgica,Título,Texto Litúrgico,
2025/08/16,sábado,Lilyo - Vigílias,Lilyo - Vigílias,,
2025/08/16,sábado,Safro - Oração da Manhã,Safro - Oração da Manhã,,
2025/08/16,sábado,Salmo/Leituras/Manhã,Salmo/Leituras/Manhã,,
2025/08/16,sábado,Terça - 9 horas,Terça - 9 horas,,
2025/08/16,sábado,Sexta - 12 horas,Sexta - 12 horas,,
2025/08/16,sábado,Noa - 15 horas,Noa - 15 horas,,
2025/08/16,sábado,Ramsho - Véspera,Ramsho - Véspera,,
2025/08/16,sábado,Salmo/Leituras/Tarde,Salmo/Leituras/Tarde,,
2025/08/16,sábado,Sutoro - Oração da Noite,Sutoro - Oração da Noite,,
2025/08/17,domingo,Lilyo - Vigílias,Lilyo - Vigílias,,
2025/08/17,domingo,Safro - Oração da Manhã,Safro - Oração da Manhã,,
2025/08/17,domingo,Salmo/Leituras/Manhã,Salmo/Leituras/Manhã,https://docs.google.com/document/d/1NbhLmohPwSIaJi6jTmdCeE-iePiZNMBTfZ2c6EbDsc4/edit?usp=sharing,Domingo - Salmo e Leituras - Safro 11ª s. Pent - 10ª dp Pent 
2025/08/17,domingo,Terça - 9 horas,Terça - 9 horas,https://docs.google.com/document/d/17Qqu_Mev3ZSzBlcCstarH5xOM2GwMhc9GlLkbdRw70E/edit?usp=sharing,
2025/08/17,domingo,Sexta - 12 horas,Sexta - 12 horas,https://docs.google.com/document/d/17Qqu_Mev3ZSzBlcCstarH5xOM2GwMhc9GlLkbdRw70E/edit?usp=sharing,
2025/08/17,domingo,Noa - 15 horas,Noa - 15 horas,https://docs.google.com/document/d/17Qqu_Mev3ZSzBlcCstarH5xOM2GwMhc9GlLkbdRw70E/edit?usp=sharing,
2025/08/17,domingo,Ramsho - Véspera,Ramsho - Véspera,https://docs.google.com/document/d/17Qqu_Mev3ZSzBlcCstarH5xOM2GwMhc9GlLkbdRw70E/edit?usp=sharing,
2025/08/17,domingo,Salmo/Leituras/Tarde,Salmo/Leituras/Tarde,https://docs.google.com/document/d/1reYY-E1CttTQI5lVlEOwJJtW6GcYy9xv_tF0t6RXd_8/edit?usp=sharing,Domingo - Salmo e Leituras -Ramsho 11ª s. Pent - 10ª dp Pent 
2025/08/17,Segunda,Sutoro - Oração da Noite,Sutoro - Oração da Noite,https://docs.google.com/document/d/17Qqu_Mev3ZSzBlcCstarH5xOM2GwMhc9GlLkbdRw70E/edit?usp=sharing,
2025/08/18,Segunda,Lilyo - Vigílias,Lilyo - Vigílias,https://docs.google.com/document/d/17Qqu_Mev3ZSzBlcCstarH5xOM2GwMhc9GlLkbdRw70E/edit?usp=sharing,
2025/08/18,Segunda,Safro - Oração da Manhã,Safro - Oração da Manhã,https://docs.google.com/document/d/17Qqu_Mev3ZSzBlcCstarH5xOM2GwMhc9GlLkbdRw70E/edit?usp=sharing,
2025/08/18,Segunda,Salmo/Leituras/Manhã,Salmo/Leituras/Manhã,https://docs.google.com/document/d/1UNa7moOaEcML56BddcUc1NdfuULwgX597rbo-N-pwYk/edit?usp=sharing,Segunda - Salmo e Leituras - Safro 11ª s. Pent - 10ª dp Pent 
2025/08/18,Segunda,Terça - 9 horas,Terça - 9 horas,https://docs.google.com/document/d/17Qqu_Mev3ZSzBlcCstarH5xOM2GwMhc9GlLkbdRw70E/edit?usp=sharing,
2025/08/18,Segunda,Sexta - 12 horas,Sexta - 12 horas,https://docs.google.com/document/d/17Qqu_Mev3ZSzBlcCstarH5xOM2GwMhc9GlLkbdRw70E/edit?usp=sharing,
2025/08/18,Segunda,Noa - 15 horas,Noa - 15 horas,https://docs.google.com/document/d/17Qqu_Mev3ZSzBlcCstarH5xOM2GwMhc9GlLkbdRw70E/edit?usp=sharing,
2025/08/18,Segunda,Ramsho - Véspera,Ramsho - Véspera,https://docs.google.com/document/d/17Qqu_Mev3ZSzBlcCstarH5xOM2GwMhc9GlLkbdRw70E/edit?usp=sharing,
2025/08/18,Segunda,Synaxarion/Santos/Festas,São Renato ,https://docs.google.com/document/d/1UNa7moOaEcML56BddcUc1NdfuULwgX597rbo-N-pwYk/edit?usp=sharing,
2025/08/18,Segunda,Salmo/Leituras/Tarde,Salmo/Leituras/Tarde,https://docs.google.com/document/d/1UNa7moOaEcML56BddcUc1NdfuULwgX597rbo-N-pwYk/edit?usp=sharing,
2025/08/18,Terça,Sutoro - Oração da Noite,Sutoro - Oração da Noite,https://docs.google.com/document/d/17Qqu_Mev3ZSzBlcCstarH5xOM2GwMhc9GlLkbdRw70E/edit?usp=sharing,
2025/08/19,Terça,Lilyo - Vigílias,Lilyo - Vigílias,https://docs.google.com/document/d/17Qqu_Mev3ZSzBlcCstarH5xOM2GwMhc9GlLkbdRw70E/edit?usp=sharing,
2025/08/19,Terça,Safro - Oração da Manhã,Safro - Oração da Manhã,https://docs.google.com/document/d/17Qqu_Mev3ZSzBlcCstarH5xOM2GwMhc9GlLkbdRw70E/edit?usp=sharing,
2025/08/19,Terça,Salmo/Leituras/Manhã,Salmo/Leituras/Manhã,https://docs.google.com/document/d/1oKat70kPR592YlzZVwAtM1w4f_-NRIFK-SAqxgNNjLM/edit?usp=sharing,Terça - Salmo e Leituras - Safro 11ª s. Pent - 10ª dp Pent 
2025/08/19,Terça,Terça - 9 horas,Terça - 9 horas,https://docs.google.com/document/d/17Qqu_Mev3ZSzBlcCstarH5xOM2GwMhc9GlLkbdRw70E/edit?usp=sharing,
2025/08/19,Terça,Sexta - 12 horas,Sexta - 12 horas,https://docs.google.com/document/d/17Qqu_Mev3ZSzBlcCstarH5xOM2GwMhc9GlLkbdRw70E/edit?usp=sharing,
2025/08/19,Terça,Noa - 15 horas,Noa - 15 horas,https://docs.google.com/document/d/17Qqu_Mev3ZSzBlcCstarH5xOM2GwMhc9GlLkbdRw70E/edit?usp=sharing,
2025/08/19,Terça,Ramsho - Véspera,Ramsho - Véspera,https://docs.google.com/document/d/17Qqu_Mev3ZSzBlcCstarH5xOM2GwMhc9GlLkbdRw70E/edit?usp=sharing,
2025/08/19,Terça,Salmo/Leituras/Tarde,Salmo/Leituras/Tarde,https://docs.google.com/document/d/17Qqu_Mev3ZSzBlcCstarH5xOM2GwMhc9GlLkbdRw70E/edit?usp=sharing,
2025/08/19,quarta,Sutoro - Oração da Noite,Sutoro - Oração da Noite,https://docs.google.com/document/d/17Qqu_Mev3ZSzBlcCstarH5xOM2GwMhc9GlLkbdRw70E/edit?usp=sharing,
2025/08/20,quarta,Lilyo - Vigílias,Lilyo - Vigílias,https://docs.google.com/document/d/17Qqu_Mev3ZSzBlcCstarH5xOM2GwMhc9GlLkbdRw70E/edit?usp=sharing,
2025/08/20,quarta,Safro - Oração da Manhã,Safro - Oração da Manhã,https://docs.google.com/document/d/1iLLV3Wo7nf0eQPtfwrron8ovfcUwoUn6KhRwNYU8r8I/edit?usp=sharing,
2025/08/20,quarta,Salmo/Leituras/Manhã,Salmo/Leituras/Manhã,https://docs.google.com/document/d/1iLLV3Wo7nf0eQPtfwrron8ovfcUwoUn6KhRwNYU8r8I/edit?usp=sharing,Quarta - Salmo e Leituras - Safro 11ª s. Pent - 10ª dp Pent 
2025/08/20,quarta,Terça - 9 horas,Terça - 9 horas,https://docs.google.com/document/d/17Qqu_Mev3ZSzBlcCstarH5xOM2GwMhc9GlLkbdRw70E/edit?usp=sharing,
2025/08/20,quarta,Sexta - 12 horas,Sexta - 12 horas,https://docs.google.com/document/d/17Qqu_Mev3ZSzBlcCstarH5xOM2GwMhc9GlLkbdRw70E/edit?usp=sharing,
2025/08/20,quarta,Noa - 15 horas,Noa - 15 horas,https://docs.google.com/document/d/17Qqu_Mev3ZSzBlcCstarH5xOM2GwMhc9GlLkbdRw70E/edit?usp=sharing,
2025/08/20,quarta,Ramsho - Véspera,Ramsho - Véspera,https://docs.google.com/document/d/17Qqu_Mev3ZSzBlcCstarH5xOM2GwMhc9GlLkbdRw70E/edit?usp=sharing,
2025/08/20,quarta,Salmo/Leituras/Tarde,Salmo/Leituras/Tarde,https://docs.google.com/document/d/17Qqu_Mev3ZSzBlcCstarH5xOM2GwMhc9GlLkbdRw70E/edit?usp=sharing,
2025/08/20,quarta,Sutoro - Oração da Noite,Sutoro - Oração da Noite,https://docs.google.com/document/d/17Qqu_Mev3ZSzBlcCstarH5xOM2GwMhc9GlLkbdRw70E/edit?usp=sharing,
2025/08/21,quinta,Lilyo - Vigílias,Lilyo - Vigílias,https://docs.google.com/document/d/17Qqu_Mev3ZSzBlcCstarH5xOM2GwMhc9GlLkbdRw70E/edit?usp=sharing,
2025/08/21,quinta,Safro - Oração da Manhã,Safro - Oração da Manhã,https://docs.google.com/document/d/17Qqu_Mev3ZSzBlcCstarH5xOM2GwMhc9GlLkbdRw70E/edit?usp=sharing,
2025/08/21,quinta,Salmo/Leituras/Manhã,Salmo/Leituras/Manhã,https://docs.google.com/document/d/1GmJ1UyFhaLAk-N4VFa_UeqCpRZK2rs-PYgNMpRvfNio/edit?usp=sharing,Quinta - Salmo e Leituras - Safro 11ª s. Pent - 10ª dp Pent 
2025/08/21,quinta,Terça - 9 horas,Terça - 9 horas,https://docs.google.com/document/d/17Qqu_Mev3ZSzBlcCstarH5xOM2GwMhc9GlLkbdRw70E/edit?usp=sharing,
2025/08/21,quinta,Sexta - 12 horas,Sexta - 12 horas,https://docs.google.com/document/d/17Qqu_Mev3ZSzBlcCstarH5xOM2GwMhc9GlLkbdRw70E/edit?usp=sharing,
2025/08/21,quinta,Noa - 15 horas,Noa - 15 horas,https://docs.google.com/document/d/17Qqu_Mev3ZSzBlcCstarH5xOM2GwMhc9GlLkbdRw70E/edit?usp=sharing,
2025/08/21,quinta,Ramsho - Véspera,Ramsho - Véspera,https://docs.google.com/document/d/17Qqu_Mev3ZSzBlcCstarH5xOM2GwMhc9GlLkbdRw70E/edit?usp=sharing,
2025/08/21,quinta,Salmo/Leituras/Tarde,Salmo/Leituras/Tarde,https://docs.google.com/document/d/17Qqu_Mev3ZSzBlcCstarH5xOM2GwMhc9GlLkbdRw70E/edit?usp=sharing,
2025/08/21,quinta,Sutoro - Oração da Noite,Sutoro - Oração da Noite,https://docs.google.com/document/d/17Qqu_Mev3ZSzBlcCstarH5xOM2GwMhc9GlLkbdRw70E/edit?usp=sharing,
2025/08/22,sexta,Lilyo - Vigílias,Lilyo - Vigílias,https://docs.google.com/document/d/17Qqu_Mev3ZSzBlcCstarH5xOM2GwMhc9GlLkbdRw70E/edit?usp=sharing,
2025/08/22,sexta,Safro - Oração da Manhã,Safro - Oração da Manhã,https://docs.google.com/document/d/1qKtMLbsCdErkAoBkKLbhzlO_n3UsXbfaFQ29AZqJBMM/edit?usp=sharing,
2025/08/22,sexta,Salmo/Leituras/Manhã,Salmo/Leituras/Manhã,https://docs.google.com/document/d/1ahmRgv97utnjT4FG57gSBkcFc6U8pWrPByztMHUI9EQ/edit?usp=sharing,Sexta - Salmo e Leituras - Safro 11ª s. Pent - 10ª dp Pent 
2025/08/22,sexta,Terça - 9 horas,Terça - 9 horas,https://docs.google.com/document/d/17Qqu_Mev3ZSzBlcCstarH5xOM2GwMhc9GlLkbdRw70E/edit?usp=sharing,
2025/08/22,sexta,Sexta - 12 horas,Sexta - 12 horas,https://docs.google.com/document/d/17Qqu_Mev3ZSzBlcCstarH5xOM2GwMhc9GlLkbdRw70E/edit?usp=sharing,
2025/08/22,sexta,Noa - 15 horas,Noa - 15 horas,https://docs.google.com/document/d/17Qqu_Mev3ZSzBlcCstarH5xOM2GwMhc9GlLkbdRw70E/edit?usp=sharing,
2025/08/22,sexta,Ramsho - Véspera,Ramsho - Véspera,https://docs.google.com/document/d/17Qqu_Mev3ZSzBlcCstarH5xOM2GwMhc9GlLkbdRw70E/edit?usp=sharing,
2025/08/22,sexta,Salmo/Leituras/Tarde,Salmo/Leituras/Tarde,https://docs.google.com/document/d/17Qqu_Mev3ZSzBlcCstarH5xOM2GwMhc9GlLkbdRw70E/edit?usp=sharing,
2025/08/22,sexta,Sutoro - Oração da Noite,Sutoro - Oração da Noite,https://docs.google.com/document/d/17Qqu_Mev3ZSzBlcCstarH5xOM2GwMhc9GlLkbdRw70E/edit?usp=sharing,
2025/08/23,sábado,Lilyo - Vigílias,Lilyo - Vigílias,https://docs.google.com/document/d/17Qqu_Mev3ZSzBlcCstarH5xOM2GwMhc9GlLkbdRw70E/edit?usp=sharing,
2025/08/23,sábado,Safro - Oração da Manhã,Safro - Oração da Manhã,https://docs.google.com/document/d/17Qqu_Mev3ZSzBlcCstarH5xOM2GwMhc9GlLkbdRw70E/edit?usp=sharing,
2025/08/23,sábado,Salmo/Leituras/Manhã,Salmo/Leituras/Manhã,https://docs.google.com/document/d/1ahmRgv97utnjT4FG57gSBkcFc6U8pWrPByztMHUI9EQ/edit?usp=sharing,Sábado - Salmo e Leituras - Safro 11ª s. Pent - 10ª dp Pent 
2025/08/23,sábado,Terça - 9 horas,Terça - 9 horas,https://docs.google.com/document/d/17Qqu_Mev3ZSzBlcCstarH5xOM2GwMhc9GlLkbdRw70E/edit?usp=sharing,
2025/08/23,sábado,Sexta - 12 horas,Sexta - 12 horas,https://docs.google.com/document/d/17Qqu_Mev3ZSzBlcCstarH5xOM2GwMhc9GlLkbdRw70E/edit?usp=sharing,
2025/08/23,sábado,Noa - 15 horas,Noa - 15 horas,https://docs.google.com/document/d/17Qqu_Mev3ZSzBlcCstarH5xOM2GwMhc9GlLkbdRw70E/edit?usp=sharing,
2025/08/23,sábado,Ramsho - Véspera,Ramsho - Véspera,https://docs.google.com/document/d/17Qqu_Mev3ZSzBlcCstarH5xOM2GwMhc9GlLkbdRw70E/edit?usp=sharing,
2025/08/23,sábado,Salmo/Leituras/Tarde,Salmo/Leituras/Tarde,https://docs.google.com/document/d/17Qqu_Mev3ZSzBlcCstarH5xOM2GwMhc9GlLkbdRw70E/edit?usp=sharing,
2025/08/23,sábado,Sutoro - Oração da Noite,Sutoro - Oração da Noite,https://docs.google.com/document/d/17Qqu_Mev3ZSzBlcCstarH5xOM2GwMhc9GlLkbdRw70E/edit?usp=sharing,
2025/08/24,domingo,Lilyo - Vigílias,Lilyo - Vigílias,https://docs.google.com/document/d/17Qqu_Mev3ZSzBlcCstarH5xOM2GwMhc9GlLkbdRw70E/edit?usp=sharing,
2025/08/24,domingo,Safro - Oração da Manhã,Safro - Oração da Manhã,https://docs.google.com/document/d/17Qqu_Mev3ZSzBlcCstarH5xOM2GwMhc9GlLkbdRw70E/edit?usp=sharing,
2025/08/24,domingo,Salmo/Leituras/Manhã,Salmo/Leituras/Manhã,https://docs.google.com/document/d/1w-oKPVKnl4z6Y8hUVq9wmExOEI1jY-26k6Hxs-Tnl3Y/edit?usp=sharing,
2025/08/24,domingo,Terça - 9 horas,Terça - 9 horas,https://docs.google.com/document/d/17Qqu_Mev3ZSzBlcCstarH5xOM2GwMhc9GlLkbdRw70E/edit?usp=sharing,
2025/08/24,domingo,Sexta - 12 horas,Sexta - 12 horas,https://docs.google.com/document/d/17Qqu_Mev3ZSzBlcCstarH5xOM2GwMhc9GlLkbdRw70E/edit?usp=sharing,
2025/08/24,domingo,Noa - 15 horas,Noa - 15 horas,https://docs.google.com/document/d/17Qqu_Mev3ZSzBlcCstarH5xOM2GwMhc9GlLkbdRw70E/edit?usp=sharing,
2025/08/24,domingo,Ramsho - Véspera,Ramsho - Véspera,https://docs.google.com/document/d/17Qqu_Mev3ZSzBlcCstarH5xOM2GwMhc9GlLkbdRw70E/edit?usp=sharing,
2025/08/24,domingo,Salmo/Leituras/Tarde,Salmo/Leituras/Tarde,https://docs.google.com/document/d/1oKat70kPR592YlzZVwAtM1w4f_-NRIFK-SAqxgNNjLM/edit?usp=sharing,
2025/08/24,domingo,Sutoro - Oração da Noite,Sutoro - Oração da Noite,https://docs.google.com/document/d/17Qqu_Mev3ZSzBlcCstarH5xOM2GwMhc9GlLkbdRw70E/edit?usp=sharing,
2025/08/25,Segunda,Lilyo - Vigílias,Lilyo - Vigílias,https://docs.google.com/document/d/17Qqu_Mev3ZSzBlcCstarH5xOM2GwMhc9GlLkbdRw70E/edit?usp=sharing,
2025/08/25,Segunda,Safro - Oração da Manhã,Safro - Oração da Manhã,https://docs.google.com/document/d/17Qqu_Mev3ZSzBlcCstarH5xOM2GwMhc9GlLkbdRw70E/edit?usp=sharing,
2025/08/25,Segunda,Salmo/Leituras/Manhã,Salmo/Leituras/Manhã,https://docs.google.com/document/d/17Qqu_Mev3ZSzBlcCstarH5xOM2GwMhc9GlLkbdRw70E/edit?usp=sharing,
2025/08/25,Segunda,Terça - 9 horas,Terça - 9 horas,https://docs.google.com/document/d/17Qqu_Mev3ZSzBlcCstarH5xOM2GwMhc9GlLkbdRw70E/edit?usp=sharing,
2025/08/25,Segunda,Sexta - 12 horas,Sexta - 12 horas,https://docs.google.com/document/d/17Qqu_Mev3ZSzBlcCstarH5xOM2GwMhc9GlLkbdRw70E/edit?usp=sharing,
2025/08/25,Segunda,Noa - 15 horas,Noa - 15 horas,https://docs.google.com/document/d/17Qqu_Mev3ZSzBlcCstarH5xOM2GwMhc9GlLkbdRw70E/edit?usp=sharing,
2025/08/25,Segunda,Ramsho - Véspera,Ramsho - Véspera,https://docs.google.com/document/d/17Qqu_Mev3ZSzBlcCstarH5xOM2GwMhc9GlLkbdRw70E/edit?usp=sharing,
2025/08/25,Segunda,Salmo/Leituras/Tarde,Salmo/Leituras/Tarde,https://docs.google.com/document/d/17Qqu_Mev3ZSzBlcCstarH5xOM2GwMhc9GlLkbdRw70E/edit?usp=sharing,
2025/08/25,Segunda,Sutoro - Oração da Noite,Sutoro - Oração da Noite,https://docs.google.com/document/d/17Qqu_Mev3ZSzBlcCstarH5xOM2GwMhc9GlLkbdRw70E/edit?usp=sharing,
2025/08/26,Terça,Lilyo - Vigílias,Lilyo - Vigílias,https://docs.google.com/document/d/17Qqu_Mev3ZSzBlcCstarH5xOM2GwMhc9GlLkbdRw70E/edit?usp=sharing,
2025/08/26,Terça,Safro - Oração da Manhã,Safro - Oração da Manhã,https://docs.google.com/document/d/17Qqu_Mev3ZSzBlcCstarH5xOM2GwMhc9GlLkbdRw70E/edit?usp=sharing,
2025/08/26,Terça,Salmo/Leituras/Manhã,Salmo/Leituras/Manhã,https://docs.google.com/document/d/17Qqu_Mev3ZSzBlcCstarH5xOM2GwMhc9GlLkbdRw70E/edit?usp=sharing,
2025/08/26,Terça,Terça - 9 horas,Terça - 9 horas,https://docs.google.com/document/d/17Qqu_Mev3ZSzBlcCstarH5xOM2GwMhc9GlLkbdRw70E/edit?usp=sharing,
2025/08/26,Terça,Sexta - 12 horas,Sexta - 12 horas,https://docs.google.com/document/d/17Qqu_Mev3ZSzBlcCstarH5xOM2GwMhc9GlLkbdRw70E/edit?usp=sharing,
2025/08/26,Terça,Noa - 15 horas,Noa - 15 horas,https://docs.google.com/document/d/17Qqu_Mev3ZSzBlcCstarH5xOM2GwMhc9GlLkbdRw70E/edit?usp=sharing,
2025/08/26,Terça,Ramsho - Véspera,Ramsho - Véspera,https://docs.google.com/document/d/17Qqu_Mev3ZSzBlcCstarH5xOM2GwMhc9GlLkbdRw70E/edit?usp=sharing,
2025/08/26,Terça,Salmo/Leituras/Tarde,Salmo/Leituras/Tarde,https://docs.google.com/document/d/17Qqu_Mev3ZSzBlcCstarH5xOM2GwMhc9GlLkbdRw70E/edit?usp=sharing,
2025/08/26,Terça,Sutoro - Oração da Noite,Sutoro - Oração da Noite,https://docs.google.com/document/d/17Qqu_Mev3ZSzBlcCstarH5xOM2GwMhc9GlLkbdRw70E/edit?usp=sharing,
2025/08/27,quarta,Lilyo - Vigílias,Lilyo - Vigílias,https://docs.google.com/document/d/17Qqu_Mev3ZSzBlcCstarH5xOM2GwMhc9GlLkbdRw70E/edit?usp=sharing,
2025/08/27,quarta,Safro - Oração da Manhã,Safro - Oração da Manhã,https://docs.google.com/document/d/17Qqu_Mev3ZSzBlcCstarH5xOM2GwMhc9GlLkbdRw70E/edit?usp=sharing,
2025/08/27,quarta,Salmo/Leituras/Manhã,Salmo/Leituras/Manhã,https://docs.google.com/document/d/17Qqu_Mev3ZSzBlcCstarH5xOM2GwMhc9GlLkbdRw70E/edit?usp=sharing,
2025/08/27,quarta,Terça - 9 horas,Terça - 9 horas,https://docs.google.com/document/d/17Qqu_Mev3ZSzBlcCstarH5xOM2GwMhc9GlLkbdRw70E/edit?usp=sharing,
2025/08/27,quarta,Sexta - 12 horas,Sexta - 12 horas,https://docs.google.com/document/d/17Qqu_Mev3ZSzBlcCstarH5xOM2GwMhc9GlLkbdRw70E/edit?usp=sharing,
2025/08/27,quarta,Noa - 15 horas,Noa - 15 horas,https://docs.google.com/document/d/17Qqu_Mev3ZSzBlcCstarH5xOM2GwMhc9GlLkbdRw70E/edit?usp=sharing,
2025/08/27,quarta,Ramsho - Véspera,Ramsho - Véspera,https://docs.google.com/document/d/17Qqu_Mev3ZSzBlcCstarH5xOM2GwMhc9GlLkbdRw70E/edit?usp=sharing,
2025/08/27,quarta,Salmo/Leituras/Tarde,Salmo/Leituras/Tarde,https://docs.google.com/document/d/17Qqu_Mev3ZSzBlcCstarH5xOM2GwMhc9GlLkbdRw70E/edit?usp=sharing,
2025/08/27,quarta,Sutoro - Oração da Noite,Sutoro - Oração da Noite,https://docs.google.com/document/d/17Qqu_Mev3ZSzBlcCstarH5xOM2GwMhc9GlLkbdRw70E/edit?usp=sharing,
2025/08/28,quinta,Lilyo - Vigílias,Lilyo - Vigílias,https://docs.google.com/document/d/17Qqu_Mev3ZSzBlcCstarH5xOM2GwMhc9GlLkbdRw70E/edit?usp=sharing,
2025/08/28,quinta,Safro - Oração da Manhã,Safro - Oração da Manhã,https://docs.google.com/document/d/17Qqu_Mev3ZSzBlcCstarH5xOM2GwMhc9GlLkbdRw70E/edit?usp=sharing,
2025/08/28,quinta,Salmo/Leituras/Manhã,Salmo/Leituras/Manhã,https://docs.google.com/document/d/17Qqu_Mev3ZSzBlcCstarH5xOM2GwMhc9GlLkbdRw70E/edit?usp=sharing,
2025/08/28,quinta,Terça - 9 horas,Terça - 9 horas,https://docs.google.com/document/d/17Qqu_Mev3ZSzBlcCstarH5xOM2GwMhc9GlLkbdRw70E/edit?usp=sharing,
2025/08/28,quinta,Sexta - 12 horas,Sexta - 12 horas,https://docs.google.com/document/d/17Qqu_Mev3ZSzBlcCstarH5xOM2GwMhc9GlLkbdRw70E/edit?usp=sharing,
2025/08/28,quinta,Noa - 15 horas,Noa - 15 horas,https://docs.google.com/document/d/17Qqu_Mev3ZSzBlcCstarH5xOM2GwMhc9GlLkbdRw70E/edit?usp=sharing,
2025/08/28,quinta,Ramsho - Véspera,Ramsho - Véspera,https://docs.google.com/document/d/17Qqu_Mev3ZSzBlcCstarH5xOM2GwMhc9GlLkbdRw70E/edit?usp=sharing,
2025/08/28,quinta,Salmo/Leituras/Tarde,Salmo/Leituras/Tarde,https://docs.google.com/document/d/17Qqu_Mev3ZSzBlcCstarH5xOM2GwMhc9GlLkbdRw70E/edit?usp=sharing,
2025/08/28,quinta,Sutoro - Oração da Noite,Sutoro - Oração da Noite,https://docs.google.com/document/d/17Qqu_Mev3ZSzBlcCstarH5xOM2GwMhc9GlLkbdRw70E/edit?usp=sharing,
2025/08/29,sexta,Lilyo - Vigílias,Lilyo - Vigílias,https://docs.google.com/document/d/17Qqu_Mev3ZSzBlcCstarH5xOM2GwMhc9GlLkbdRw70E/edit?usp=sharing,
2025/08/29,sexta,Safro - Oração da Manhã,Safro - Oração da Manhã,https://docs.google.com/document/d/17Qqu_Mev3ZSzBlcCstarH5xOM2GwMhc9GlLkbdRw70E/edit?usp=sharing,
2025/08/29,sexta,Salmo/Leituras/Manhã,Salmo/Leituras/Manhã,https://docs.google.com/document/d/17Qqu_Mev3ZSzBlcCstarH5xOM2GwMhc9GlLkbdRw70E/edit?usp=sharing,
2025/08/29,sexta,Terça - 9 horas,Terça - 9 horas,https://docs.google.com/document/d/17Qqu_Mev3ZSzBlcCstarH5xOM2GwMhc9GlLkbdRw70E/edit?usp=sharing,
2025/08/29,sexta,Sexta - 12 horas,Sexta - 12 horas,https://docs.google.com/document/d/17Qqu_Mev3ZSzBlcCstarH5xOM2GwMhc9GlLkbdRw70E/edit?usp=sharing,
2025/08/29,sexta,Noa - 15 horas,Noa - 15 horas,https://docs.google.com/document/d/17Qqu_Mev3ZSzBlcCstarH5xOM2GwMhc9GlLkbdRw70E/edit?usp=sharing,
2025/08/29,sexta,Ramsho - Véspera,Ramsho - Véspera,https://docs.google.com/document/d/17Qqu_Mev3ZSzBlcCstarH5xOM2GwMhc9GlLkbdRw70E/edit?usp=sharing,
2025/08/29,sexta,Salmo/Leituras/Tarde,Salmo/Leituras/Tarde,https://docs.google.com/document/d/17Qqu_Mev3ZSzBlcCstarH5xOM2GwMhc9GlLkbdRw70E/edit?usp=sharing,
2025/08/29,sexta,Sutoro - Oração da Noite,Sutoro - Oração da Noite,https://docs.google.com/document/d/17Qqu_Mev3ZSzBlcCstarH5xOM2GwMhc9GlLkbdRw70E/edit?usp=sharing,
2025/08/30,sábado,Lilyo - Vigílias,Lilyo - Vigílias,https://docs.google.com/document/d/17Qqu_Mev3ZSzBlcCstarH5xOM2GwMhc9GlLkbdRw70E/edit?usp=sharing,
2025/08/30,sábado,Safro - Oração da Manhã,Safro - Oração da Manhã,https://docs.google.com/document/d/17Qqu_Mev3ZSzBlcCstarH5xOM2GwMhc9GlLkbdRw70E/edit?usp=sharing,
2025/08/30,sábado,Salmo/Leituras/Manhã,Salmo/Leituras/Manhã,https://docs.google.com/document/d/17Qqu_Mev3ZSzBlcCstarH5xOM2GwMhc9GlLkbdRw70E/edit?usp=sharing,
2025/08/30,sábado,Terça - 9 horas,Terça - 9 horas,https://docs.google.com/document/d/17Qqu_Mev3ZSzBlcCstarH5xOM2GwMhc9GlLkbdRw70E/edit?usp=sharing,
2025/08/30,sábado,Sexta - 12 horas,Sexta - 12 horas,https://docs.google.com/document/d/17Qqu_Mev3ZSzBlcCstarH5xOM2GwMhc9GlLkbdRw70E/edit?usp=sharing,
2025/08/30,sábado,Noa - 15 horas,Noa - 15 horas,https://docs.google.com/document/d/17Qqu_Mev3ZSzBlcCstarH5xOM2GwMhc9GlLkbdRw70E/edit?usp=sharing,
2025/08/30,sábado,Ramsho - Véspera,Ramsho - Véspera,https://docs.google.com/document/d/17Qqu_Mev3ZSzBlcCstarH5xOM2GwMhc9GlLkbdRw70E/edit?usp=sharing,
2025/08/30,sábado,Salmo/Leituras/Tarde,Salmo/Leituras/Tarde,https://docs.google.com/document/d/17Qqu_Mev3ZSzBlcCstarH5xOM2GwMhc9GlLkbdRw70E/edit?usp=sharing,
2025/08/30,sábado,Sutoro - Oração da Noite,Sutoro - Oração da Noite,https://docs.google.com/document/d/17Qqu_Mev3ZSzBlcCstarH5xOM2GwMhc9GlLkbdRw70E/edit?usp=sharing,
2025/08/31,domingo,Lilyo - Vigílias,Lilyo - Vigílias,https://docs.google.com/document/d/17Qqu_Mev3ZSzBlcCstarH5xOM2GwMhc9GlLkbdRw70E/edit?usp=sharing,
2025/08/31,domingo,Safro - Oração da Manhã,Safro - Oração da Manhã,https://docs.google.com/document/d/17Qqu_Mev3ZSzBlcCstarH5xOM2GwMhc9GlLkbdRw70E/edit?usp=sharing,
2025/08/31,domingo,Salmo/Leituras/Manhã,Salmo/Leituras/Manhã,https://docs.google.com/document/d/17Qqu_Mev3ZSzBlcCstarH5xOM2GwMhc9GlLkbdRw70E/edit?usp=sharing,
2025/08/31,domingo,Terça - 9 horas,Terça - 9 horas,https://docs.google.com/document/d/17Qqu_Mev3ZSzBlcCstarH5xOM2GwMhc9GlLkbdRw70E/edit?usp=sharing,
2025/08/31,domingo,Sexta - 12 horas,Sexta - 12 horas,https://docs.google.com/document/d/17Qqu_Mev3ZSzBlcCstarH5xOM2GwMhc9GlLkbdRw70E/edit?usp=sharing,
2025/08/31,domingo,Noa - 15 horas,Noa - 15 horas,https://docs.google.com/document/d/17Qqu_Mev3ZSzBlcCstarH5xOM2GwMhc9GlLkbdRw70E/edit?usp=sharing,
2025/08/31,domingo,Ramsho - Véspera,Ramsho - Véspera,https://docs.google.com/document/d/17Qqu_Mev3ZSzBlcCstarH5xOM2GwMhc9GlLkbdRw70E/edit?usp=sharing,
2025/08/31,domingo,Salmo/Leituras/Tarde,Salmo/Leituras/Tarde,https://docs.google.com/document/d/17Qqu_Mev3ZSzBlcCstarH5xOM2GwMhc9GlLkbdRw70E/edit?usp=sharing,
2025/08/31,domingo,Sutoro - Oração da Noite,Sutoro - Oração da Noite,https://docs.google.com/document/d/17Qqu_Mev3ZSzBlcCstarH5xOM2GwMhc9GlLkbdRw70E/edit?usp=sharing,
2025/09/01,Segunda,Lilyo - Vigílias,Lilyo - Vigílias,https://docs.google.com/document/d/17Qqu_Mev3ZSzBlcCstarH5xOM2GwMhc9GlLkbdRw70E/edit?usp=sharing,
2025/09/01,Segunda,Safro - Oração da Manhã,Safro - Oração da Manhã,https://docs.google.com/document/d/17Qqu_Mev3ZSzBlcCstarH5xOM2GwMhc9GlLkbdRw70E/edit?usp=sharing,
2025/09/01,Segunda,Salmo/Leituras/Manhã,Salmo/Leituras/Manhã,https://docs.google.com/document/d/17Qqu_Mev3ZSzBlcCstarH5xOM2GwMhc9GlLkbdRw70E/edit?usp=sharing,
2025/09/01,Segunda,Terça - 9 horas,Terça - 9 horas,https://docs.google.com/document/d/17Qqu_Mev3ZSzBlcCstarH5xOM2GwMhc9GlLkbdRw70E/edit?usp=sharing,
2025/09/01,Segunda,Sexta - 12 horas,Sexta - 12 horas,https://docs.google.com/document/d/17Qqu_Mev3ZSzBlcCstarH5xOM2GwMhc9GlLkbdRw70E/edit?usp=sharing,
2025/09/01,Segunda,Noa - 15 horas,Noa - 15 horas,https://docs.google.com/document/d/17Qqu_Mev3ZSzBlcCstarH5xOM2GwMhc9GlLkbdRw70E/edit?usp=sharing,
2025/09/01,Segunda,Ramsho - Véspera,Ramsho - Véspera,https://docs.google.com/document/d/17Qqu_Mev3ZSzBlcCstarH5xOM2GwMhc9GlLkbdRw70E/edit?usp=sharing,
2025/09/01,Segunda,Salmo/Leituras/Tarde,Salmo/Leituras/Tarde,https://docs.google.com/document/d/17Qqu_Mev3ZSzBlcCstarH5xOM2GwMhc9GlLkbdRw70E/edit?usp=sharing,
2025/09/01,Segunda,Sutoro - Oração da Noite,Sutoro - Oração da Noite,https://docs.google.com/document/d/17Qqu_Mev3ZSzBlcCstarH5xOM2GwMhc9GlLkbdRw70E/edit?usp=sharing,
2025/09/02,Terça,Lilyo - Vigílias,Lilyo - Vigílias,https://docs.google.com/document/d/17Qqu_Mev3ZSzBlcCstarH5xOM2GwMhc9GlLkbdRw70E/edit?usp=sharing,
2025/09/02,Terça,Safro - Oração da Manhã,Safro - Oração da Manhã,https://docs.google.com/document/d/17Qqu_Mev3ZSzBlcCstarH5xOM2GwMhc9GlLkbdRw70E/edit?usp=sharing,
2025/09/02,Terça,Salmo/Leituras/Manhã,Salmo/Leituras/Manhã,https://docs.google.com/document/d/17Qqu_Mev3ZSzBlcCstarH5xOM2GwMhc9GlLkbdRw70E/edit?usp=sharing,
2025/09/02,Terça,Terça - 9 horas,Terça - 9 horas,https://docs.google.com/document/d/17Qqu_Mev3ZSzBlcCstarH5xOM2GwMhc9GlLkbdRw70E/edit?usp=sharing,
2025/09/02,Terça,Sexta - 12 horas,Sexta - 12 horas,https://docs.google.com/document/d/17Qqu_Mev3ZSzBlcCstarH5xOM2GwMhc9GlLkbdRw70E/edit?usp=sharing,
2025/09/02,Terça,Noa - 15 horas,Noa - 15 horas,https://docs.google.com/document/d/17Qqu_Mev3ZSzBlcCstarH5xOM2GwMhc9GlLkbdRw70E/edit?usp=sharing,
2025/09/02,Terça,Ramsho - Véspera,Ramsho - Véspera,https://docs.google.com/document/d/17Qqu_Mev3ZSzBlcCstarH5xOM2GwMhc9GlLkbdRw70E/edit?usp=sharing,
2025/09/02,Terça,Salmo/Leituras/Tarde,Salmo/Leituras/Tarde,https://docs.google.com/document/d/17Qqu_Mev3ZSzBlcCstarH5xOM2GwMhc9GlLkbdRw70E/edit?usp=sharing,
2025/09/02,Terça,Sutoro - Oração da Noite,Sutoro - Oração da Noite,https://docs.google.com/document/d/17Qqu_Mev3ZSzBlcCstarH5xOM2GwMhc9GlLkbdRw70E/edit?usp=sharing,
2025/09/03,quarta,Lilyo - Vigílias,Lilyo - Vigílias,https://docs.google.com/document/d/17Qqu_Mev3ZSzBlcCstarH5xOM2GwMhc9GlLkbdRw70E/edit?usp=sharing,
2025/09/03,quarta,Safro - Oração da Manhã,Safro - Oração da Manhã,https://docs.google.com/document/d/17Qqu_Mev3ZSzBlcCstarH5xOM2GwMhc9GlLkbdRw70E/edit?usp=sharing,
2025/09/03,quarta,Salmo/Leituras/Manhã,Salmo/Leituras/Manhã,https://docs.google.com/document/d/17Qqu_Mev3ZSzBlcCstarH5xOM2GwMhc9GlLkbdRw70E/edit?usp=sharing,
2025/09/03,quarta,Terça - 9 horas,Terça - 9 horas,https://docs.google.com/document/d/17Qqu_Mev3ZSzBlcCstarH5xOM2GwMhc9GlLkbdRw70E/edit?usp=sharing,
2025/09/03,quarta,Sexta - 12 horas,Sexta - 12 horas,https://docs.google.com/document/d/17Qqu_Mev3ZSzBlcCstarH5xOM2GwMhc9GlLkbdRw70E/edit?usp=sharing,
2025/09/03,quarta,Noa - 15 horas,Noa - 15 horas,https://docs.google.com/document/d/17Qqu_Mev3ZSzBlcCstarH5xOM2GwMhc9GlLkbdRw70E/edit?usp=sharing,
2025/09/03,quarta,Ramsho - Véspera,Ramsho - Véspera,https://docs.google.com/document/d/17Qqu_Mev3ZSzBlcCstarH5xOM2GwMhc9GlLkbdRw70E/edit?usp=sharing,
2025/09/03,quarta,Salmo/Leituras/Tarde,Salmo/Leituras/Tarde,https://docs.google.com/document/d/17Qqu_Mev3ZSzBlcCstarH5xOM2GwMhc9GlLkbdRw70E/edit?usp=sharing,
2025/09/03,quarta,Sutoro - Oração da Noite,Sutoro - Oração da Noite,https://docs.google.com/document/d/17Qqu_Mev3ZSzBlcCstarH5xOM2GwMhc9GlLkbdRw70E/edit?usp=sharing,
2025/09/04,quinta,Lilyo - Vigílias,Lilyo - Vigílias,https://docs.google.com/document/d/17Qqu_Mev3ZSzBlcCstarH5xOM2GwMhc9GlLkbdRw70E/edit?usp=sharing,
2025/09/04,quinta,Safro - Oração da Manhã,Safro - Oração da Manhã,https://docs.google.com/document/d/17Qqu_Mev3ZSzBlcCstarH5xOM2GwMhc9GlLkbdRw70E/edit?usp=sharing,
2025/09/04,quinta,Salmo/Leituras/Manhã,Salmo/Leituras/Manhã,https://docs.google.com/document/d/17Qqu_Mev3ZSzBlcCstarH5xOM2GwMhc9GlLkbdRw70E/edit?usp=sharing,
2025/09/04,quinta,Terça - 9 horas,Terça - 9 horas,https://docs.google.com/document/d/17Qqu_Mev3ZSzBlcCstarH5xOM2GwMhc9GlLkbdRw70E/edit?usp=sharing,
2025/09/04,quinta,Sexta - 12 horas,Sexta - 12 horas,https://docs.google.com/document/d/17Qqu_Mev3ZSzBlcCstarH5xOM2GwMhc9GlLkbdRw70E/edit?usp=sharing,
2025/09/04,quinta,Noa - 15 horas,Noa - 15 horas,https://docs.google.com/document/d/17Qqu_Mev3ZSzBlcCstarH5xOM2GwMhc9GlLkbdRw70E/edit?usp=sharing,
2025/09/04,quinta,Ramsho - Véspera,Ramsho - Véspera,https://docs.google.com/document/d/17Qqu_Mev3ZSzBlcCstarH5xOM2GwMhc9GlLkbdRw70E/edit?usp=sharing,
2025/09/04,quinta,Salmo/Leituras/Tarde,Salmo/Leituras/Tarde,https://docs.google.com/document/d/17Qqu_Mev3ZSzBlcCstarH5xOM2GwMhc9GlLkbdRw70E/edit?usp=sharing,
2025/09/04,quinta,Sutoro - Oração da Noite,Sutoro - Oração da Noite,https://docs.google.com/document/d/17Qqu_Mev3ZSzBlcCstarH5xOM2GwMhc9GlLkbdRw70E/edit?usp=sharing,
2025/09/05,sexta,Lilyo - Vigílias,Lilyo - Vigílias,https://docs.google.com/document/d/17Qqu_Mev3ZSzBlcCstarH5xOM2GwMhc9GlLkbdRw70E/edit?usp=sharing,
2025/09/05,sexta,Safro - Oração da Manhã,Safro - Oração da Manhã,https://docs.google.com/document/d/17Qqu_Mev3ZSzBlcCstarH5xOM2GwMhc9GlLkbdRw70E/edit?usp=sharing,
2025/09/05,sexta,Salmo/Leituras/Manhã,Salmo/Leituras/Manhã,https://docs.google.com/document/d/17Qqu_Mev3ZSzBlcCstarH5xOM2GwMhc9GlLkbdRw70E/edit?usp=sharing,
2025/09/05,sexta,Terça - 9 horas,Terça - 9 horas,https://docs.google.com/document/d/17Qqu_Mev3ZSzBlcCstarH5xOM2GwMhc9GlLkbdRw70E/edit?usp=sharing,
2025/09/05,sexta,Sexta - 12 horas,Sexta - 12 horas,https://docs.google.com/document/d/17Qqu_Mev3ZSzBlcCstarH5xOM2GwMhc9GlLkbdRw70E/edit?usp=sharing,
2025/09/05,sexta,Noa - 15 horas,Noa - 15 horas,https://docs.google.com/document/d/17Qqu_Mev3ZSzBlcCstarH5xOM2GwMhc9GlLkbdRw70E/edit?usp=sharing,
2025/09/05,sexta,Ramsho - Véspera,Ramsho - Véspera,https://docs.google.com/document/d/17Qqu_Mev3ZSzBlcCstarH5xOM2GwMhc9GlLkbdRw70E/edit?usp=sharing,
2025/09/05,sexta,Salmo/Leituras/Tarde,Salmo/Leituras/Tarde,https://docs.google.com/document/d/17Qqu_Mev3ZSzBlcCstarH5xOM2GwMhc9GlLkbdRw70E/edit?usp=sharing,
2025/09/05,sexta,Sutoro - Oração da Noite,Sutoro - Oração da Noite,https://docs.google.com/document/d/17Qqu_Mev3ZSzBlcCstarH5xOM2GwMhc9GlLkbdRw70E/edit?usp=sharing,
2025/09/06,sábado,Lilyo - Vigílias,Lilyo - Vigílias,https://docs.google.com/document/d/17Qqu_Mev3ZSzBlcCstarH5xOM2GwMhc9GlLkbdRw70E/edit?usp=sharing,
2025/09/06,sábado,Safro - Oração da Manhã,Safro - Oração da Manhã,https://docs.google.com/document/d/17Qqu_Mev3ZSzBlcCstarH5xOM2GwMhc9GlLkbdRw70E/edit?usp=sharing,
2025/09/06,sábado,Salmo/Leituras/Manhã,Salmo/Leituras/Manhã,https://docs.google.com/document/d/17Qqu_Mev3ZSzBlcCstarH5xOM2GwMhc9GlLkbdRw70E/edit?usp=sharing,
2025/09/06,sábado,Terça - 9 horas,Terça - 9 horas,https://docs.google.com/document/d/17Qqu_Mev3ZSzBlcCstarH5xOM2GwMhc9GlLkbdRw70E/edit?usp=sharing,
2025/09/06,sábado,Sexta - 12 horas,Sexta - 12 horas,https://docs.google.com/document/d/17Qqu_Mev3ZSzBlcCstarH5xOM2GwMhc9GlLkbdRw70E/edit?usp=sharing,
2025/09/06,sábado,Noa - 15 horas,Noa - 15 horas,https://docs.google.com/document/d/17Qqu_Mev3ZSzBlcCstarH5xOM2GwMhc9GlLkbdRw70E/edit?usp=sharing,
2025/09/06,sábado,Ramsho - Véspera,Ramsho - Véspera,https://docs.google.com/document/d/17Qqu_Mev3ZSzBlcCstarH5xOM2GwMhc9GlLkbdRw70E/edit?usp=sharing,
2025/09/06,sábado,Salmo/Leituras/Tarde,Salmo/Leituras/Tarde,https://docs.google.com/document/d/17Qqu_Mev3ZSzBlcCstarH5xOM2GwMhc9GlLkbdRw70E/edit?usp=sharing,
2025/09/06,sábado,Sutoro - Oração da Noite,Sutoro - Oração da Noite,https://docs.google.com/document/d/17Qqu_Mev3ZSzBlcCstarH5xOM2GwMhc9GlLkbdRw70E/edit?usp=sharing,
2025/09/07,domingo,Lilyo - Vigílias,Lilyo - Vigílias,https://docs.google.com/document/d/17Qqu_Mev3ZSzBlcCstarH5xOM2GwMhc9GlLkbdRw70E/edit?usp=sharing,
2025/09/07,domingo,Safro - Oração da Manhã,Safro - Oração da Manhã,https://docs.google.com/document/d/17Qqu_Mev3ZSzBlcCstarH5xOM2GwMhc9GlLkbdRw70E/edit?usp=sharing,
2025/09/07,domingo,Salmo/Leituras/Manhã,Salmo/Leituras/Manhã,https://docs.google.com/document/d/17Qqu_Mev3ZSzBlcCstarH5xOM2GwMhc9GlLkbdRw70E/edit?usp=sharing,
2025/09/07,domingo,Terça - 9 horas,Terça - 9 horas,https://docs.google.com/document/d/17Qqu_Mev3ZSzBlcCstarH5xOM2GwMhc9GlLkbdRw70E/edit?usp=sharing,
2025/09/07,domingo,Sexta - 12 horas,Sexta - 12 horas,https://docs.google.com/document/d/1kpGj26ACDbBWsDB-UspkNU3pRr50OhNorcVYN-Z3mWQ/edit?usp=sharing,
2025/09/07,domingo,Noa - 15 horas,Noa - 15 horas,https://docs.google.com/document/d/1kpGj26ACDbBWsDB-UspkNU3pRr50OhNorcVYN-Z3mWQ/edit?usp=sharing,
ORDINARIO,domingo,Lilyo - Vigílias,Lilyo - Vigílias,https://docs.google.com/document/d/1kpGj26ACDbBWsDB-UspkNU3pRr50OhNorcVYN-Z3mWQ/edit?usp=sharing,
ORDINARIO,domingo,Safro - Oração da Manhã,Safro - Oração da Manhã,https://docs.google.com/document/d/1kpGj26ACDbBWsDB-UspkNU3pRr50OhNorcVYN-Z3mWQ/edit?usp=sharing,
ORDINARIO,domingo,Salmo/Leituras/Manhã,Salmo/Leituras/Manhã,https://docs.google.com/document/d/1kpGj26ACDbBWsDB-UspkNU3pRr50OhNorcVYN-Z3mWQ/edit?usp=sharing,
ORDINARIO,domingo,Terça - 9 horas,Terça - 9 horas,https://docs.google.com/document/d/1kpGj26ACDbBWsDB-UspkNU3pRr50OhNorcVYN-Z3mWQ/edit?usp=sharing,
ORDINARIO,domingo,Sexta - 12 horas,Sexta - 12 horas,https://docs.google.com/document/d/1kpGj26ACDbBWsDB-UspkNU3pRr50OhNorcVYN-Z3mWQ/edit?usp=sharing,
ORDINARIO,domingo,Noa - 15 horas,Noa - 15 horas,https://docs.google.com/document/d/1kpGj26ACDbBWsDB-UspkNU3pRr50OhNorcVYN-Z3mWQ/edit?usp=sharing,
ORDINARIO,domingo,Ramsho - Véspera,Ramsho - Véspera,https://docs.google.com/document/d/1kpGj26ACDbBWsDB-UspkNU3pRr50OhNorcVYN-Z3mWQ/edit?usp=sharing,
ORDINARIO,domingo,Salmo/Leituras/Tarde,Salmo/Leituras/Tarde,https://docs.google.com/document/d/1kpGj26ACDbBWsDB-UspkNU3pRr50OhNorcVYN-Z3mWQ/edit?usp=sharing,
ORDINARIO,Segunda,Sutoro - Oração da Noite,Sutoro - Oração da Noite,https://docs.google.com/document/d/1kpGj26ACDbBWsDB-UspkNU3pRr50OhNorcVYN-Z3mWQ/edit?usp=sharing,
ORDINARIO,Segunda,Lilyo - Vigílias,Lilyo - Vigílias,https://docs.google.com/document/d/1kpGj26ACDbBWsDB-UspkNU3pRr50OhNorcVYN-Z3mWQ/edit?usp=sharing,
ORDINARIO,Segunda,Safro - Oração da Manhã,Safro - Oração da Manhã,https://docs.google.com/document/d/1kpGj26ACDbBWsDB-UspkNU3pRr50OhNorcVYN-Z3mWQ/edit?usp=sharing,
ORDINARIO,Segunda,Salmo/Leituras/Manhã,Salmo/Leituras/Manhã,https://docs.google.com/document/d/1kpGj26ACDbBWsDB-UspkNU3pRr50OhNorcVYN-Z3mWQ/edit?usp=sharing,
ORDINARIO,Segunda,Terça - 9 horas,Terça - 9 horas,https://docs.google.com/document/d/1kpGj26ACDbBWsDB-UspkNU3pRr50OhNorcVYN-Z3mWQ/edit?usp=sharing,
ORDINARIO,Segunda,Sexta - 12 horas,Sexta - 12 horas,https://docs.google.com/document/d/1kpGj26ACDbBWsDB-UspkNU3pRr50OhNorcVYN-Z3mWQ/edit?usp=sharing,
ORDINARIO,Segunda,Noa - 15 horas,Noa - 15 horas,https://docs.google.com/document/d/1kpGj26ACDbBWsDB-UspkNU3pRr50OhNorcVYN-Z3mWQ/edit?usp=sharing,
ORDINARIO,Segunda,Ramsho - Véspera,Ramsho - Véspera,https://docs.google.com/document/d/1kpGj26ACDbBWsDB-UspkNU3pRr50OhNorcVYN-Z3mWQ/edit?usp=sharing,
ORDINARIO,Segunda,Salmo/Leituras/Tarde,Salmo/Leituras/Tarde,https://docs.google.com/document/d/1kpGj26ACDbBWsDB-UspkNU3pRr50OhNorcVYN-Z3mWQ/edit?usp=sharing,
ORDINARIO,Terça,Sutoro - Oração da Noite,Sutoro - Oração da Noite,https://docs.google.com/document/d/1kpGj26ACDbBWsDB-UspkNU3pRr50OhNorcVYN-Z3mWQ/edit?usp=sharing,
ORDINARIO,Terça,Lilyo - Vigílias,Lilyo - Vigílias,https://docs.google.com/document/d/1kpGj26ACDbBWsDB-UspkNU3pRr50OhNorcVYN-Z3mWQ/edit?usp=sharing,
ORDINARIO,Terça,Safro - Oração da Manhã,Safro - Oração da Manhã,https://docs.google.com/document/d/1kpGj26ACDbBWsDB-UspkNU3pRr50OhNorcVYN-Z3mWQ/edit?usp=sharing,
ORDINARIO,Terça,Salmo/Leituras/Manhã,Salmo/Leituras/Manhã,https://docs.google.com/document/d/1kpGj26ACDbBWsDB-UspkNU3pRr50OhNorcVYN-Z3mWQ/edit?usp=sharing,
ORDINARIO,Terça,Terça - 9 horas,Terça - 9 horas,https://docs.google.com/document/d/1kpGj26ACDbBWsDB-UspkNU3pRr50OhNorcVYN-Z3mWQ/edit?usp=sharing,
ORDINARIO,Terça,Sexta - 12 horas,Sexta - 12 horas,https://docs.google.com/document/d/1kpGj26ACDbBWsDB-UspkNU3pRr50OhNorcVYN-Z3mWQ/edit?usp=sharing,
ORDINARIO,Terça,Noa - 15 horas,Noa - 15 horas,https://docs.google.com/document/d/1kpGj26ACDbBWsDB-UspkNU3pRr50OhNorcVYN-Z3mWQ/edit?usp=sharing,
ORDINARIO,Terça,Ramsho - Véspera,Ramsho - Véspera,https://docs.google.com/document/d/1kpGj26ACDbBWsDB-UspkNU3pRr50OhNorcVYN-Z3mWQ/edit?usp=sharing,
ORDINARIO,Terça,Salmo/Leituras/Tarde,Salmo/Leituras/Tarde,https://docs.google.com/document/d/1kpGj26ACDbBWsDB-UspkNU3pRr50OhNorcVYN-Z3mWQ/edit?usp=sharing,
ORDINARIO,quarta,Sutoro - Oração da Noite,Sutoro - Oração da Noite,https://docs.google.com/document/d/1kpGj26ACDbBWsDB-UspkNU3pRr50OhNorcVYN-Z3mWQ/edit?usp=sharing,
ORDINARIO,quarta,Lilyo - Vigílias,Lilyo - Vigílias,https://docs.google.com/document/d/1kpGj26ACDbBWsDB-UspkNU3pRr50OhNorcVYN-Z3mWQ/edit?usp=sharing,
ORDINARIO,quarta,Safro - Oração da Manhã,Safro - Oração da Manhã,https://docs.google.com/document/d/1kpGj26ACDbBWsDB-UspkNU3pRr50OhNorcVYN-Z3mWQ/edit?usp=sharing,
ORDINARIO,quarta,Salmo/Leituras/Manhã,Salmo/Leituras/Manhã,https://docs.google.com/document/d/1kpGj26ACDbBWsDB-UspkNU3pRr50OhNorcVYN-Z3mWQ/edit?usp=sharing,
ORDINARIO,quarta,Terça - 9 horas,Terça - 9 horas,https://docs.google.com/document/d/1kpGj26ACDbBWsDB-UspkNU3pRr50OhNorcVYN-Z3mWQ/edit?usp=sharing,
ORDINARIO,quarta,Sexta - 12 horas,Sexta - 12 horas,https://docs.google.com/document/d/1kpGj26ACDbBWsDB-UspkNU3pRr50OhNorcVYN-Z3mWQ/edit?usp=sharing,
ORDINARIO,quarta,Noa - 15 horas,Noa - 15 horas,https://docs.google.com/document/d/1kpGj26ACDbBWsDB-UspkNU3pRr50OhNorcVYN-Z3mWQ/edit?usp=sharing,
ORDINARIO,quarta,Ramsho - Véspera,Ramsho - Véspera,https://docs.google.com/document/d/1kpGj26ACDbBWsDB-UspkNU3pRr50OhNorcVYN-Z3mWQ/edit?usp=sharing,
ORDINARIO,quarta,Salmo/Leituras/Tarde,Salmo/Leituras/Tarde,https://docs.google.com/document/d/1kpGj26ACDbBWsDB-UspkNU3pRr50OhNorcVYN-Z3mWQ/edit?usp=sharing,
ORDINARIO,quarta,Sutoro - Oração da Noite,Sutoro - Oração da Noite,https://docs.google.com/document/d/1kpGj26ACDbBWsDB-UspkNU3pRr50OhNorcVYN-Z3mWQ/edit?usp=sharing,
ORDINARIO,quinta,Lilyo - Vigílias,Lilyo - Vigílias,https://docs.google.com/document/d/1kpGj26ACDbBWsDB-UspkNU3pRr50OhNorcVYN-Z3mWQ/edit?usp=sharing,
ORDINARIO,quinta,Safro - Oração da Manhã,Safro - Oração da Manhã,https://docs.google.com/document/d/1kpGj26ACDbBWsDB-UspkNU3pRr50OhNorcVYN-Z3mWQ/edit?usp=sharing,
ORDINARIO,quinta,Salmo/Leituras/Manhã,Salmo/Leituras/Manhã,https://docs.google.com/document/d/1kpGj26ACDbBWsDB-UspkNU3pRr50OhNorcVYN-Z3mWQ/edit?usp=sharing,
ORDINARIO,quinta,Terça - 9 horas,Terça - 9 horas,https://docs.google.com/document/d/1kpGj26ACDbBWsDB-UspkNU3pRr50OhNorcVYN-Z3mWQ/edit?usp=sharing,
ORDINARIO,quinta,Sexta - 12 horas,Sexta - 12 horas,https://docs.google.com/document/d/1kpGj26ACDbBWsDB-UspkNU3pRr50OhNorcVYN-Z3mWQ/edit?usp=sharing,
ORDINARIO,quinta,Noa - 15 horas,Noa - 15 horas,https://docs.google.com/document/d/1kpGj26ACDbBWsDB-UspkNU3pRr50OhNorcVYN-Z3mWQ/edit?usp=sharing,
ORDINARIO,quinta,Ramsho - Véspera,Ramsho - Véspera,https://docs.google.com/document/d/1kpGj26ACDbBWsDB-UspkNU3pRr50OhNorcVYN-Z3mWQ/edit?usp=sharing,
ORDINARIO,quinta,Salmo/Leituras/Tarde,Salmo/Leituras/Tarde,https://docs.google.com/document/d/1kpGj26ACDbBWsDB-UspkNU3pRr50OhNorcVYN-Z3mWQ/edit?usp=sharing,
ORDINARIO,quinta,Sutoro - Oração da Noite,Sutoro - Oração da Noite,https://docs.google.com/document/d/1kpGj26ACDbBWsDB-UspkNU3pRr50OhNorcVYN-Z3mWQ/edit?usp=sharing,
ORDINARIO,sexta,Lilyo - Vigílias,Lilyo - Vigílias,https://docs.google.com/document/d/1kpGj26ACDbBWsDB-UspkNU3pRr50OhNorcVYN-Z3mWQ/edit?usp=sharing,
ORDINARIO,sexta,Safro - Oração da Manhã,Safro - Oração da Manhã,https://docs.google.com/document/d/1kpGj26ACDbBWsDB-UspkNU3pRr50OhNorcVYN-Z3mWQ/edit?usp=sharing,
ORDINARIO,sexta,Salmo/Leituras/Manhã,Salmo/Leituras/Manhã,https://docs.google.com/document/d/1kpGj26ACDbBWsDB-UspkNU3pRr50OhNorcVYN-Z3mWQ/edit?usp=sharing,
ORDINARIO,sexta,Terça - 9 horas,Terça - 9 horas,https://docs.google.com/document/d/1kpGj26ACDbBWsDB-UspkNU3pRr50OhNorcVYN-Z3mWQ/edit?usp=sharing,
ORDINARIO,sexta,Sexta - 12 horas,Sexta - 12 horas,https://docs.google.com/document/d/1kpGj26ACDbBWsDB-UspkNU3pRr50OhNorcVYN-Z3mWQ/edit?usp=sharing,
ORDINARIO,sexta,Noa - 15 horas,Noa - 15 horas,https://docs.google.com/document/d/1kpGj26ACDbBWsDB-UspkNU3pRr50OhNorcVYN-Z3mWQ/edit?usp=sharing,
ORDINARIO,sexta,Ramsho - Véspera,Ramsho - Véspera,https://docs.google.com/document/d/1kpGj26ACDbBWsDB-UspkNU3pRr50OhNorcVYN-Z3mWQ/edit?usp=sharing,
ORDINARIO,sexta,Salmo/Leituras/Tarde,Salmo/Leituras/Tarde,https://docs.google.com/document/d/1kpGj26ACDbBWsDB-UspkNU3pRr50OhNorcVYN-Z3mWQ/edit?usp=sharing,
ORDINARIO,sexta,Sutoro - Oração da Noite,Sutoro - Oração da Noite,https://docs.google.com/document/d/1kpGj26ACDbBWsDB-UspkNU3pRr50OhNorcVYN-Z3mWQ/edit?usp=sharing,
ORDINARIO,sábado,Lilyo - Vigílias,Lilyo - Vigílias,https://docs.google.com/document/d/1kpGj26ACDbBWsDB-UspkNU3pRr50OhNorcVYN-Z3mWQ/edit?usp=sharing,
ORDINARIO,sábado,Safro - Oração da Manhã,Safro - Oração da Manhã,https://docs.google.com/document/d/1kpGj26ACDbBWsDB-UspkNU3pRr50OhNorcVYN-Z3mWQ/edit?usp=sharing,
ORDINARIO,sábado,Salmo/Leituras/Manhã,Salmo/Leituras/Manhã,https://docs.google.com/document/d/1kpGj26ACDbBWsDB-UspkNU3pRr50OhNorcVYN-Z3mWQ/edit?usp=sharing,
ORDINARIO,sábado,Terça - 9 horas,Terça - 9 horas,https://docs.google.com/document/d/1kpGj26ACDbBWsDB-UspkNU3pRr50OhNorcVYN-Z3mWQ/edit?usp=sharing,
ORDINARIO,sábado,Sexta - 12 horas,Sexta - 12 horas,https://docs.google.com/document/d/1kpGj26ACDbBWsDB-UspkNU3pRr50OhNorcVYN-Z3mWQ/edit?usp=sharing,
ORDINARIO,sábado,Noa - 15 horas,Noa - 15 horas,https://docs.google.com/document/d/1kpGj26ACDbBWsDB-UspkNU3pRr50OhNorcVYN-Z3mWQ/edit?usp=sharing,
ORDINARIO,sábado,Ramsho - Véspera,Ramsho - Véspera,https://docs.google.com/document/d/1kpGj26ACDbBWsDB-UspkNU3pRr50OhNorcVYN-Z3mWQ/edit?usp=sharing,
ORDINARIO,sábado,Salmo/Leituras/Tarde,Salmo/Leituras/Tarde,https://docs.google.com/document/d/1kpGj26ACDbBWsDB-UspkNU3pRr50OhNorcVYN-Z3mWQ/edit?usp=sharing,
ORDINARIO,sábado,Sutoro - Oração da Noite,Sutoro - Oração da Noite,https://docs.google.com/document/d/1kpGj26ACDbBWsDB-UspkNU3pRr50OhNorcVYN-Z3mWQ/edit?usp=sharing,
ORDINARIO,domingo,Lilyo - Vigílias,Lilyo - Vigílias,https://docs.google.com/document/d/1kpGj26ACDbBWsDB-UspkNU3pRr50OhNorcVYN-Z3mWQ/edit?usp=sharing,
ORDINARIO,domingo,Safro - Oração da Manhã,Safro - Oração da Manhã,https://docs.google.com/document/d/1kpGj26ACDbBWsDB-UspkNU3pRr50OhNorcVYN-Z3mWQ/edit?usp=sharing,
ORDINARIO,domingo,Salmo/Leituras/Manhã,Salmo/Leituras/Manhã,https://docs.google.com/document/d/1kpGj26ACDbBWsDB-UspkNU3pRr50OhNorcVYN-Z3mWQ/edit?usp=sharing,
ORDINARIO,domingo,Terça - 9 horas,Terça - 9 horas,https://docs.google.com/document/d/1kpGj26ACDbBWsDB-UspkNU3pRr50OhNorcVYN-Z3mWQ/edit?usp=sharing,
ORDINARIO,domingo,Sexta - 12 horas,Sexta - 12 horas,https://docs.google.com/document/d/1kpGj26ACDbBWsDB-UspkNU3pRr50OhNorcVYN-Z3mWQ/edit?usp=sharing,
ORDINARIO,domingo,Noa - 15 horas,Noa - 15 horas,https://docs.google.com/document/d/1kpGj26ACDbBWsDB-UspkNU3pRr50OhNorcVYN-Z3mWQ/edit?usp=sharing,
ORDINARIO,domingo,Ramsho - Véspera,Ramsho - Véspera,https://docs.google.com/document/d/1kpGj26ACDbBWsDB-UspkNU3pRr50OhNorcVYN-Z3mWQ/edit?usp=sharing,
ORDINARIO,domingo,Salmo/Leituras/Tarde,Salmo/Leituras/Tarde,https://docs.google.com/document/d/1kpGj26ACDbBWsDB-UspkNU3pRr50OhNorcVYN-Z3mWQ/edit?usp=sharing,
ORDINARIO,domingo,Sutoro - Oração da Noite,Sutoro - Oração da Noite,https://docs.google.com/document/d/1kpGj26ACDbBWsDB-UspkNU3pRr50OhNorcVYN-Z3mWQ/edit?usp=sharing,
ORDINARIO,Segunda,Lilyo - Vigílias,Lilyo - Vigílias,https://docs.google.com/document/d/1kpGj26ACDbBWsDB-UspkNU3pRr50OhNorcVYN-Z3mWQ/edit?usp=sharing,
ORDINARIO,Segunda,Safro - Oração da Manhã,Safro - Oração da Manhã,https://docs.google.com/document/d/1kpGj26ACDbBWsDB-UspkNU3pRr50OhNorcVYN-Z3mWQ/edit?usp=sharing,
ORDINARIO,Segunda,Salmo/Leituras/Manhã,Salmo/Leituras/Manhã,https://docs.google.com/document/d/1kpGj26ACDbBWsDB-UspkNU3pRr50OhNorcVYN-Z3mWQ/edit?usp=sharing,
ORDINARIO,Segunda,Terça - 9 horas,Terça - 9 horas,https://docs.google.com/document/d/1kpGj26ACDbBWsDB-UspkNU3pRr50OhNorcVYN-Z3mWQ/edit?usp=sharing,
ORDINARIO,Segunda,Sexta - 12 horas,Sexta - 12 horas,https://docs.google.com/document/d/1kpGj26ACDbBWsDB-UspkNU3pRr50OhNorcVYN-Z3mWQ/edit?usp=sharing,
ORDINARIO,Segunda,Noa - 15 horas,Noa - 15 horas,https://docs.google.com/document/d/1kpGj26ACDbBWsDB-UspkNU3pRr50OhNorcVYN-Z3mWQ/edit?usp=sharing,
ORDINARIO,Segunda,Ramsho - Véspera,Ramsho - Véspera,https://docs.google.com/document/d/1kpGj26ACDbBWsDB-UspkNU3pRr50OhNorcVYN-Z3mWQ/edit?usp=sharing,
ORDINARIO,Segunda,Salmo/Leituras/Tarde,Salmo/Leituras/Tarde,https://docs.google.com/document/d/1kpGj26ACDbBWsDB-UspkNU3pRr50OhNorcVYN-Z3mWQ/edit?usp=sharing,
ORDINARIO,Segunda,Sutoro - Oração da Noite,Sutoro - Oração da Noite,https://docs.google.com/document/d/1kpGj26ACDbBWsDB-UspkNU3pRr50OhNorcVYN-Z3mWQ/edit?usp=sharing,
ORDINARIO,Terça,Lilyo - Vigílias,Lilyo - Vigílias,https://docs.google.com/document/d/1kpGj26ACDbBWsDB-UspkNU3pRr50OhNorcVYN-Z3mWQ/edit?usp=sharing,
ORDINARIO,Terça,Safro - Oração da Manhã,Safro - Oração da Manhã,https://docs.google.com/document/d/1kpGj26ACDbBWsDB-UspkNU3pRr50OhNorcVYN-Z3mWQ/edit?usp=sharing,
ORDINARIO,Terça,Salmo/Leituras/Manhã,Salmo/Leituras/Manhã,https://docs.google.com/document/d/1kpGj26ACDbBWsDB-UspkNU3pRr50OhNorcVYN-Z3mWQ/edit?usp=sharing,
ORDINARIO,Terça,Terça - 9 horas,Terça - 9 horas,https://docs.google.com/document/d/1kpGj26ACDbBWsDB-UspkNU3pRr50OhNorcVYN-Z3mWQ/edit?usp=sharing,
ORDINARIO,Terça,Sexta - 12 horas,Sexta - 12 horas,https://docs.google.com/document/d/1kpGj26ACDbBWsDB-UspkNU3pRr50OhNorcVYN-Z3mWQ/edit?usp=sharing,
ORDINARIO,Terça,Noa - 15 horas,Noa - 15 horas,https://docs.google.com/document/d/1kpGj26ACDbBWsDB-UspkNU3pRr50OhNorcVYN-Z3mWQ/edit?usp=sharing,
ORDINARIO,Terça,Ramsho - Véspera,Ramsho - Véspera,https://docs.google.com/document/d/1kpGj26ACDbBWsDB-UspkNU3pRr50OhNorcVYN-Z3mWQ/edit?usp=sharing,
ORDINARIO,Terça,Salmo/Leituras/Tarde,Salmo/Leituras/Tarde,https://docs.google.com/document/d/1kpGj26ACDbBWsDB-UspkNU3pRr50OhNorcVYN-Z3mWQ/edit?usp=sharing,
ORDINARIO,Terça,Sutoro - Oração da Noite,Sutoro - Oração da Noite,https://docs.google.com/document/d/1kpGj26ACDbBWsDB-UspkNU3pRr50OhNorcVYN-Z3mWQ/edit?usp=sharing,
ORDINARIO,quarta,Lilyo - Vigílias,Lilyo - Vigílias,https://docs.google.com/document/d/1kpGj26ACDbBWsDB-UspkNU3pRr50OhNorcVYN-Z3mWQ/edit?usp=sharing,
ORDINARIO,quarta,Safro - Oração da Manhã,Safro - Oração da Manhã,https://docs.google.com/document/d/1kpGj26ACDbBWsDB-UspkNU3pRr50OhNorcVYN-Z3mWQ/edit?usp=sharing,
ORDINARIO,quarta,Salmo/Leituras/Manhã,Salmo/Leituras/Manhã,https://docs.google.com/document/d/1kpGj26ACDbBWsDB-UspkNU3pRr50OhNorcVYN-Z3mWQ/edit?usp=sharing,
ORDINARIO,quarta,Terça - 9 horas,Terça - 9 horas,https://docs.google.com/document/d/1kpGj26ACDbBWsDB-UspkNU3pRr50OhNorcVYN-Z3mWQ/edit?usp=sharing,
ORDINARIO,quarta,Sexta - 12 horas,Sexta - 12 horas,https://docs.google.com/document/d/1kpGj26ACDbBWsDB-UspkNU3pRr50OhNorcVYN-Z3mWQ/edit?usp=sharing,
ORDINARIO,quarta,Noa - 15 horas,Noa - 15 horas,https://docs.google.com/document/d/1kpGj26ACDbBWsDB-UspkNU3pRr50OhNorcVYN-Z3mWQ/edit?usp=sharing,
ORDINARIO,quarta,Ramsho - Véspera,Ramsho - Véspera,https://docs.google.com/document/d/1kpGj26ACDbBWsDB-UspkNU3pRr50OhNorcVYN-Z3mWQ/edit?usp=sharing,
ORDINARIO,quarta,Salmo/Leituras/Tarde,Salmo/Leituras/Tarde,https://docs.google.com/document/d/1kpGj26ACDbBWsDB-UspkNU3pRr50OhNorcVYN-Z3mWQ/edit?usp=sharing,
ORDINARIO,quarta,Sutoro - Oração da Noite,Sutoro - Oração da Noite,https://docs.google.com/document/d/1kpGj26ACDbBWsDB-UspkNU3pRr50OhNorcVYN-Z3mWQ/edit?usp=sharing,
ORDINARIO,quinta,Lilyo - Vigílias,Lilyo - Vigílias,https://docs.google.com/document/d/1kpGj26ACDbBWsDB-UspkNU3pRr50OhNorcVYN-Z3mWQ/edit?usp=sharing,
ORDINARIO,quinta,Safro - Oração da Manhã,Safro - Oração da Manhã,https://docs.google.com/document/d/1kpGj26ACDbBWsDB-UspkNU3pRr50OhNorcVYN-Z3mWQ/edit?usp=sharing,
ORDINARIO,quinta,Salmo/Leituras/Manhã,Salmo/Leituras/Manhã,https://docs.google.com/document/d/1kpGj26ACDbBWsDB-UspkNU3pRr50OhNorcVYN-Z3mWQ/edit?usp=sharing,
ORDINARIO,quinta,Terça - 9 horas,Terça - 9 horas,https://docs.google.com/document/d/1kpGj26ACDbBWsDB-UspkNU3pRr50OhNorcVYN-Z3mWQ/edit?usp=sharing,
ORDINARIO,quinta,Sexta - 12 horas,Sexta - 12 horas,https://docs.google.com/document/d/1kpGj26ACDbBWsDB-UspkNU3pRr50OhNorcVYN-Z3mWQ/edit?usp=sharing,
ORDINARIO,quinta,Noa - 15 horas,Noa - 15 horas,https://docs.google.com/document/d/1kpGj26ACDbBWsDB-UspkNU3pRr50OhNorcVYN-Z3mWQ/edit?usp=sharing,
ORDINARIO,quinta,Ramsho - Véspera,Ramsho - Véspera,https://docs.google.com/document/d/1kpGj26ACDbBWsDB-UspkNU3pRr50OhNorcVYN-Z3mWQ/edit?usp=sharing,
ORDINARIO,quinta,Salmo/Leituras/Tarde,Salmo/Leituras/Tarde,https://docs.google.com/document/d/1kpGj26ACDbBWsDB-UspkNU3pRr50OhNorcVYN-Z3mWQ/edit?usp=sharing,
ORDINARIO,quinta,Sutoro - Oração da Noite,Sutoro - Oração da Noite,https://docs.google.com/document/d/1kpGj26ACDbBWsDB-UspkNU3pRr50OhNorcVYN-Z3mWQ/edit?usp=sharing,
ORDINARIO,sexta,Lilyo - Vigílias,Lilyo - Vigílias,https://docs.google.com/document/d/1kpGj26ACDbBWsDB-UspkNU3pRr50OhNorcVYN-Z3mWQ/edit?usp=sharing,
ORDINARIO,sexta,Safro - Oração da Manhã,Safro - Oração da Manhã,https://docs.google.com/document/d/1kpGj26ACDbBWsDB-UspkNU3pRr50OhNorcVYN-Z3mWQ/edit?usp=sharing,
ORDINARIO,sexta,Salmo/Leituras/Manhã,Salmo/Leituras/Manhã,https://docs.google.com/document/d/1kpGj26ACDbBWsDB-UspkNU3pRr50OhNorcVYN-Z3mWQ/edit?usp=sharing,
ORDINARIO,sexta,Terça - 9 horas,Terça - 9 horas,https://docs.google.com/document/d/1kpGj26ACDbBWsDB-UspkNU3pRr50OhNorcVYN-Z3mWQ/edit?usp=sharing,
ORDINARIO,sexta,Sexta - 12 horas,Sexta - 12 horas,https://docs.google.com/document/d/1kpGj26ACDbBWsDB-UspkNU3pRr50OhNorcVYN-Z3mWQ/edit?usp=sharing,
ORDINARIO,sexta,Noa - 15 horas,Noa - 15 horas,https://docs.google.com/document/d/1kpGj26ACDbBWsDB-UspkNU3pRr50OhNorcVYN-Z3mWQ/edit?usp=sharing,
ORDINARIO,sexta,Ramsho - Véspera,Ramsho - Véspera,https://docs.google.com/document/d/1kpGj26ACDbBWsDB-UspkNU3pRr50OhNorcVYN-Z3mWQ/edit?usp=sharing,
ORDINARIO,sexta,Salmo/Leituras/Tarde,Salmo/Leituras/Tarde,https://docs.google.com/document/d/1kpGj26ACDbBWsDB-UspkNU3pRr50OhNorcVYN-Z3mWQ/edit?usp=sharing,
ORDINARIO,sexta,Sutoro - Oração da Noite,Sutoro - Oração da Noite,https://docs.google.com/document/d/1kpGj26ACDbBWsDB-UspkNU3pRr50OhNorcVYN-Z3mWQ/edit?usp=sharing,
ORDINARIO,sábado,Lilyo - Vigílias,Lilyo - Vigílias,https://docs.google.com/document/d/1kpGj26ACDbBWsDB-UspkNU3pRr50OhNorcVYN-Z3mWQ/edit?usp=sharing,
ORDINARIO,sábado,Safro - Oração da Manhã,Safro - Oração da Manhã,https://docs.google.com/document/d/1kpGj26ACDbBWsDB-UspkNU3pRr50OhNorcVYN-Z3mWQ/edit?usp=sharing,
ORDINARIO,sábado,Salmo/Leituras/Manhã,Salmo/Leituras/Manhã,https://docs.google.com/document/d/1kpGj26ACDbBWsDB-UspkNU3pRr50OhNorcVYN-Z3mWQ/edit?usp=sharing,
ORDINARIO,sábado,Terça - 9 horas,Terça - 9 horas,https://docs.google.com/document/d/1kpGj26ACDbBWsDB-UspkNU3pRr50OhNorcVYN-Z3mWQ/edit?usp=sharing,
ORDINARIO,sábado,Sexta - 12 horas,Sexta - 12 horas,https://docs.google.com/document/d/1kpGj26ACDbBWsDB-UspkNU3pRr50OhNorcVYN-Z3mWQ/edit?usp=sharing,
ORDINARIO,sábado,Noa - 15 horas,Noa - 15 horas,https://docs.google.com/document/d/1kpGj26ACDbBWsDB-UspkNU3pRr50OhNorcVYN-Z3mWQ/edit?usp=sharing,
ORDINARIO,sábado,Ramsho - Véspera,Ramsho - Véspera,https://docs.google.com/document/d/1kpGj26ACDbBWsDB-UspkNU3pRr50OhNorcVYN-Z3mWQ/edit?usp=sharing,
ORDINARIO,sábado,Salmo/Leituras/Tarde,Salmo/Leituras/Tarde,https://docs.google.com/document/d/1kpGj26ACDbBWsDB-UspkNU3pRr50OhNorcVYN-Z3mWQ/edit?usp=sharing,
ORDINARIO,sábado,Sutoro - Oração da Noite,Sutoro - Oração da Noite,https://docs.google.com/document/d/1kpGj26ACDbBWsDB-UspkNU3pRr50OhNorcVYN-Z3mWQ/edit?usp=sharing,
ORDINARIO,domingo,Lilyo - Vigílias,Lilyo - Vigílias,https://docs.google.com/document/d/1kpGj26ACDbBWsDB-UspkNU3pRr50OhNorcVYN-Z3mWQ/edit?usp=sharing,
ORDINARIO,domingo,Safro - Oração da Manhã,Safro - Oração da Manhã,https://docs.google.com/document/d/1kpGj26ACDbBWsDB-UspkNU3pRr50OhNorcVYN-Z3mWQ/edit?usp=sharing,
ORDINARIO,domingo,Salmo/Leituras/Manhã,Salmo/Leituras/Manhã,https://docs.google.com/document/d/1kpGj26ACDbBWsDB-UspkNU3pRr50OhNorcVYN-Z3mWQ/edit?usp=sharing,
ORDINARIO,domingo,Terça - 9 horas,Terça - 9 horas,https://docs.google.com/document/d/1kpGj26ACDbBWsDB-UspkNU3pRr50OhNorcVYN-Z3mWQ/edit?usp=sharing,
ORDINARIO,domingo,Sexta - 12 horas,Sexta - 12 horas,https://docs.google.com/document/d/1kpGj26ACDbBWsDB-UspkNU3pRr50OhNorcVYN-Z3mWQ/edit?usp=sharing,
ORDINARIO,domingo,Noa - 15 horas,Noa - 15 horas,https://docs.google.com/document/d/1kpGj26ACDbBWsDB-UspkNU3pRr50OhNorcVYN-Z3mWQ/edit?usp=sharing,
ORDINARIO,domingo,Ramsho - Véspera,Ramsho - Véspera,https://docs.google.com/document/d/1kpGj26ACDbBWsDB-UspkNU3pRr50OhNorcVYN-Z3mWQ/edit?usp=sharing,
ORDINARIO,domingo,Salmo/Leituras/Tarde,Salmo/Leituras/Tarde,https://docs.google.com/document/d/1kpGj26ACDbBWsDB-UspkNU3pRr50OhNorcVYN-Z3mWQ/edit?usp=sharing,
ORDINARIO,domingo,Sutoro - Oração da Noite,Sutoro - Oração da Noite,https://docs.google.com/document/d/1kpGj26ACDbBWsDB-UspkNU3pRr50OhNorcVYN-Z3mWQ/edit?usp=sharing,
ORDINARIO,Segunda,Lilyo - Vigílias,Lilyo - Vigílias,https://docs.google.com/document/d/1kpGj26ACDbBWsDB-UspkNU3pRr50OhNorcVYN-Z3mWQ/edit?usp=sharing,
ORDINARIO,Segunda,Safro - Oração da Manhã,Safro - Oração da Manhã,https://docs.google.com/document/d/1kpGj26ACDbBWsDB-UspkNU3pRr50OhNorcVYN-Z3mWQ/edit?usp=sharing,
ORDINARIO,Segunda,Salmo/Leituras/Manhã,Salmo/Leituras/Manhã,https://docs.google.com/document/d/1kpGj26ACDbBWsDB-UspkNU3pRr50OhNorcVYN-Z3mWQ/edit?usp=sharing,
ORDINARIO,Segunda,Terça - 9 horas,Terça - 9 horas,https://docs.google.com/document/d/1kpGj26ACDbBWsDB-UspkNU3pRr50OhNorcVYN-Z3mWQ/edit?usp=sharing,
ORDINARIO,Segunda,Sexta - 12 horas,Sexta - 12 horas,https://docs.google.com/document/d/1kpGj26ACDbBWsDB-UspkNU3pRr50OhNorcVYN-Z3mWQ/edit?usp=sharing,
ORDINARIO,Segunda,Noa - 15 horas,Noa - 15 horas,https://docs.google.com/document/d/1kpGj26ACDbBWsDB-UspkNU3pRr50OhNorcVYN-Z3mWQ/edit?usp=sharing,
ORDINARIO,Segunda,Ramsho - Véspera,Ramsho - Véspera,https://docs.google.com/document/d/1kpGj26ACDbBWsDB-UspkNU3pRr50OhNorcVYN-Z3mWQ/edit?usp=sharing,
ORDINARIO,Segunda,Salmo/Leituras/Tarde,Salmo/Leituras/Tarde,https://docs.google.com/document/d/1kpGj26ACDbBWsDB-UspkNU3pRr50OhNorcVYN-Z3mWQ/edit?usp=sharing,
ORDINARIO,Segunda,Sutoro - Oração da Noite,Sutoro - Oração da Noite,https://docs.google.com/document/d/1kpGj26ACDbBWsDB-UspkNU3pRr50OhNorcVYN-Z3mWQ/edit?usp=sharing,
ORDINARIO,Terça,Lilyo - Vigílias,Lilyo - Vigílias,https://docs.google.com/document/d/1kpGj26ACDbBWsDB-UspkNU3pRr50OhNorcVYN-Z3mWQ/edit?usp=sharing,
ORDINARIO,Terça,Safro - Oração da Manhã,Safro - Oração da Manhã,https://docs.google.com/document/d/1kpGj26ACDbBWsDB-UspkNU3pRr50OhNorcVYN-Z3mWQ/edit?usp=sharing,
ORDINARIO,Terça,Salmo/Leituras/Manhã,Salmo/Leituras/Manhã,https://docs.google.com/document/d/1kpGj26ACDbBWsDB-UspkNU3pRr50OhNorcVYN-Z3mWQ/edit?usp=sharing,
ORDINARIO,Terça,Terça - 9 horas,Terça - 9 horas,https://docs.google.com/document/d/1kpGj26ACDbBWsDB-UspkNU3pRr50OhNorcVYN-Z3mWQ/edit?usp=sharing,
ORDINARIO,Terça,Sexta - 12 horas,Sexta - 12 horas,https://docs.google.com/document/d/1kpGj26ACDbBWsDB-UspkNU3pRr50OhNorcVYN-Z3mWQ/edit?usp=sharing,
ORDINARIO,Terça,Noa - 15 horas,Noa - 15 horas,https://docs.google.com/document/d/1kpGj26ACDbBWsDB-UspkNU3pRr50OhNorcVYN-Z3mWQ/edit?usp=sharing,
ORDINARIO,Terça,Ramsho - Véspera,Ramsho - Véspera,https://docs.google.com/document/d/1kpGj26ACDbBWsDB-UspkNU3pRr50OhNorcVYN-Z3mWQ/edit?usp=sharing,
ORDINARIO,Terça,Salmo/Leituras/Tarde,Salmo/Leituras/Tarde,https://docs.google.com/document/d/1kpGj26ACDbBWsDB-UspkNU3pRr50OhNorcVYN-Z3mWQ/edit?usp=sharing,
ORDINARIO,Terça,Sutoro - Oração da Noite,Sutoro - Oração da Noite,https://docs.google.com/document/d/1kpGj26ACDbBWsDB-UspkNU3pRr50OhNorcVYN-Z3mWQ/edit?usp=sharing,
ORDINARIO,quarta,Lilyo - Vigílias,Lilyo - Vigílias,https://docs.google.com/document/d/1kpGj26ACDbBWsDB-UspkNU3pRr50OhNorcVYN-Z3mWQ/edit?usp=sharing,
ORDINARIO,quarta,Safro - Oração da Manhã,Safro - Oração da Manhã,https://docs.google.com/document/d/1kpGj26ACDbBWsDB-UspkNU3pRr50OhNorcVYN-Z3mWQ/edit?usp=sharing,
ORDINARIO,quarta,Salmo/Leituras/Manhã,Salmo/Leituras/Manhã,https://docs.google.com/document/d/1kpGj26ACDbBWsDB-UspkNU3pRr50OhNorcVYN-Z3mWQ/edit?usp=sharing,
ORDINARIO,quarta,Terça - 9 horas,Terça - 9 horas,https://docs.google.com/document/d/1kpGj26ACDbBWsDB-UspkNU3pRr50OhNorcVYN-Z3mWQ/edit?usp=sharing,
ORDINARIO,quarta,Sexta - 12 horas,Sexta - 12 horas,https://docs.google.com/document/d/1kpGj26ACDbBWsDB-UspkNU3pRr50OhNorcVYN-Z3mWQ/edit?usp=sharing,
ORDINARIO,quarta,Noa - 15 horas,Noa - 15 horas,https://docs.google.com/document/d/1kpGj26ACDbBWsDB-UspkNU3pRr50OhNorcVYN-Z3mWQ/edit?usp=sharing,
ORDINARIO,quarta,Ramsho - Véspera,Ramsho - Véspera,https://docs.google.com/document/d/1kpGj26ACDbBWsDB-UspkNU3pRr50OhNorcVYN-Z3mWQ/edit?usp=sharing,
ORDINARIO,quarta,Salmo/Leituras/Tarde,Salmo/Leituras/Tarde,https://docs.google.com/document/d/1kpGj26ACDbBWsDB-UspkNU3pRr50OhNorcVYN-Z3mWQ/edit?usp=sharing,
ORDINARIO,quarta,Sutoro - Oração da Noite,Sutoro - Oração da Noite,https://docs.google.com/document/d/1kpGj26ACDbBWsDB-UspkNU3pRr50OhNorcVYN-Z3mWQ/edit?usp=sharing,
ORDINARIO,quinta,Lilyo - Vigílias,Lilyo - Vigílias,https://docs.google.com/document/d/1kpGj26ACDbBWsDB-UspkNU3pRr50OhNorcVYN-Z3mWQ/edit?usp=sharing,
ORDINARIO,quinta,Safro - Oração da Manhã,Safro - Oração da Manhã,https://docs.google.com/document/d/1kpGj26ACDbBWsDB-UspkNU3pRr50OhNorcVYN-Z3mWQ/edit?usp=sharing,
ORDINARIO,quinta,Salmo/Leituras/Manhã,Salmo/Leituras/Manhã,https://docs.google.com/document/d/1kpGj26ACDbBWsDB-UspkNU3pRr50OhNorcVYN-Z3mWQ/edit?usp=sharing,
ORDINARIO,quinta,Terça - 9 horas,Terça - 9 horas,https://docs.google.com/document/d/1kpGj26ACDbBWsDB-UspkNU3pRr50OhNorcVYN-Z3mWQ/edit?usp=sharing,
ORDINARIO,quinta,Sexta - 12 horas,Sexta - 12 horas,https://docs.google.com/document/d/1kpGj26ACDbBWsDB-UspkNU3pRr50OhNorcVYN-Z3mWQ/edit?usp=sharing,
ORDINARIO,quinta,Noa - 15 horas,Noa - 15 horas,https://docs.google.com/document/d/1kpGj26ACDbBWsDB-UspkNU3pRr50OhNorcVYN-Z3mWQ/edit?usp=sharing,
ORDINARIO,quinta,Ramsho - Véspera,Ramsho - Véspera,https://docs.google.com/document/d/1kpGj26ACDbBWsDB-UspkNU3pRr50OhNorcVYN-Z3mWQ/edit?usp=sharing,
ORDINARIO,quinta,Salmo/Leituras/Tarde,Salmo/Leituras/Tarde,https://docs.google.com/document/d/1kpGj26ACDbBWsDB-UspkNU3pRr50OhNorcVYN-Z3mWQ/edit?usp=sharing,
ORDINARIO,quinta,Sutoro - Oração da Noite,Sutoro - Oração da Noite,https://docs.google.com/document/d/1kpGj26ACDbBWsDB-UspkNU3pRr50OhNorcVYN-Z3mWQ/edit?usp=sharing,
ORDINARIO,sexta,Lilyo - Vigílias,Lilyo - Vigílias,https://docs.google.com/document/d/1kpGj26ACDbBWsDB-UspkNU3pRr50OhNorcVYN-Z3mWQ/edit?usp=sharing,
ORDINARIO,sexta,Safro - Oração da Manhã,Safro - Oração da Manhã,https://docs.google.com/document/d/1kpGj26ACDbBWsDB-UspkNU3pRr50OhNorcVYN-Z3mWQ/edit?usp=sharing,
ORDINARIO,sexta,Salmo/Leituras/Manhã,Salmo/Leituras/Manhã,https://docs.google.com/document/d/1kpGj26ACDbBWsDB-UspkNU3pRr50OhNorcVYN-Z3mWQ/edit?usp=sharing,
ORDINARIO,sexta,Terça - 9 horas,Terça - 9 horas,https://docs.google.com/document/d/1kpGj26ACDbBWsDB-UspkNU3pRr50OhNorcVYN-Z3mWQ/edit?usp=sharing,
ORDINARIO,sexta,Sexta - 12 horas,Sexta - 12 horas,https://docs.google.com/document/d/1kpGj26ACDbBWsDB-UspkNU3pRr50OhNorcVYN-Z3mWQ/edit?usp=sharing,
ORDINARIO,sexta,Noa - 15 horas,Noa - 15 horas,https://docs.google.com/document/d/1kpGj26ACDbBWsDB-UspkNU3pRr50OhNorcVYN-Z3mWQ/edit?usp=sharing,
ORDINARIO,sexta,Ramsho - Véspera,Ramsho - Véspera,https://docs.google.com/document/d/1kpGj26ACDbBWsDB-UspkNU3pRr50OhNorcVYN-Z3mWQ/edit?usp=sharing,
ORDINARIO,sexta,Salmo/Leituras/Tarde,Salmo/Leituras/Tarde,https://docs.google.com/document/d/1kpGj26ACDbBWsDB-UspkNU3pRr50OhNorcVYN-Z3mWQ/edit?usp=sharing,
ORDINARIO,sexta,Sutoro - Oração da Noite,Sutoro - Oração da Noite,https://docs.google.com/document/d/1kpGj26ACDbBWsDB-UspkNU3pRr50OhNorcVYN-Z3mWQ/edit?usp=sharing,
ORDINARIO,sábado,Lilyo - Vigílias,Lilyo - Vigílias,https://docs.google.com/document/d/1kpGj26ACDbBWsDB-UspkNU3pRr50OhNorcVYN-Z3mWQ/edit?usp=sharing,
ORDINARIO,sábado,Safro - Oração da Manhã,Safro - Oração da Manhã,https://docs.google.com/document/d/1kpGj26ACDbBWsDB-UspkNU3pRr50OhNorcVYN-Z3mWQ/edit?usp=sharing,
ORDINARIO,sábado,Salmo/Leituras/Manhã,Salmo/Leituras/Manhã,https://docs.google.com/document/d/1kpGj26ACDbBWsDB-UspkNU3pRr50OhNorcVYN-Z3mWQ/edit?usp=sharing,
ORDINARIO,sábado,Terça - 9 horas,Terça - 9 horas,https://docs.google.com/document/d/1kpGj26ACDbBWsDB-UspkNU3pRr50OhNorcVYN-Z3mWQ/edit?usp=sharing,
ORDINARIO,sábado,Sexta - 12 horas,Sexta - 12 horas,https://docs.google.com/document/d/1kpGj26ACDbBWsDB-UspkNU3pRr50OhNorcVYN-Z3mWQ/edit?usp=sharing,
ORDINARIO,sábado,Noa - 15 horas,Noa - 15 horas,https://docs.google.com/document/d/1kpGj26ACDbBWsDB-UspkNU3pRr50OhNorcVYN-Z3mWQ/edit?usp=sharing,
ORDINARIO,sábado,Ramsho - Véspera,Ramsho - Véspera,https://docs.google.com/document/d/1kpGj26ACDbBWsDB-UspkNU3pRr50OhNorcVYN-Z3mWQ/edit?usp=sharing,
ORDINARIO,sábado,Salmo/Leituras/Tarde,Salmo/Leituras/Tarde,https://docs.google.com/document/d/1kpGj26ACDbBWsDB-UspkNU3pRr50OhNorcVYN-Z3mWQ/edit?usp=sharing,
ORDINARIO,sábado,Sutoro - Oração da Noite,Sutoro - Oração da Noite,https://docs.google.com/document/d/1kpGj26ACDbBWsDB-UspkNU3pRr50OhNorcVYN-Z3mWQ/edit?usp=sharing,
ORDINARIO,domingo,Lilyo - Vigílias,Lilyo - Vigílias,https://docs.google.com/document/d/1kpGj26ACDbBWsDB-UspkNU3pRr50OhNorcVYN-Z3mWQ/edit?usp=sharing,
ORDINARIO,domingo,Safro - Oração da Manhã,Safro - Oração da Manhã,https://docs.google.com/document/d/1kpGj26ACDbBWsDB-UspkNU3pRr50OhNorcVYN-Z3mWQ/edit?usp=sharing,
ORDINARIO,domingo,Salmo/Leituras/Manhã,Salmo/Leituras/Manhã,https://docs.google.com/document/d/1kpGj26ACDbBWsDB-UspkNU3pRr50OhNorcVYN-Z3mWQ/edit?usp=sharing,
ORDINARIO,domingo,Terça - 9 horas,Terça - 9 horas,https://docs.google.com/document/d/1kpGj26ACDbBWsDB-UspkNU3pRr50OhNorcVYN-Z3mWQ/edit?usp=sharing,
ORDINARIO,domingo,Sexta - 12 horas,Sexta - 12 horas,https://docs.google.com/document/d/1kpGj26ACDbBWsDB-UspkNU3pRr50OhNorcVYN-Z3mWQ/edit?usp=sharing,
ORDINARIO,domingo,Noa - 15 horas,Noa - 15 horas,https://docs.google.com/document/d/1kpGj26ACDbBWsDB-UspkNU3pRr50OhNorcVYN-Z3mWQ/edit?usp=sharing,